Date,Comment,CF,SPAN,REP_RATE,POWER,Start Power (I0),End Power (I),I/I0 Ratio,SAMPLINGS_NUMBER,1475,1475.1,1475.2,1475.3,1475.4,1475.5,1475.6,1475.7,1475.8,1475.9,1476,1476.1,1476.2,1476.3,1476.4,1476.5,1476.6,1476.7,1476.8,1476.9,1477,1477.1,1477.2,1477.3,1477.4,1477.5,1477.6,1477.7,1477.8,1477.9,1478,1478.1,1478.2,1478.3,1478.4,1478.5,1478.6,1478.7,1478.8,1478.9,1479,1479.1,1479.2,1479.3,1479.4,1479.5,1479.6,1479.7,1479.8,1479.9,1480,1480.1,1480.2,1480.3,1480.4,1480.5,1480.6,1480.7,1480.8,1480.9,1481,1481.1,1481.2,1481.3,1481.4,1481.5,1481.6,1481.7,1481.8,1481.9,1482,1482.1,1482.2,1482.3,1482.4,1482.5,1482.6,1482.7,1482.8,1482.9,1483,1483.1,1483.2,1483.3,1483.4,1483.5,1483.6,1483.7,1483.8,1483.9,1484,1484.1,1484.2,1484.3,1484.4,1484.5,1484.6,1484.7,1484.8,1484.9,1485,1485.1,1485.2,1485.3,1485.4,1485.5,1485.6,1485.7,1485.8,1485.9,1486,1486.1,1486.2,1486.3,1486.4,1486.5,1486.6,1486.7,1486.8,1486.9,1487,1487.1,1487.2,1487.3,1487.4,1487.5,1487.6,1487.7,1487.8,1487.9,1488,1488.1,1488.2,1488.3,1488.4,1488.5,1488.6,1488.7,1488.8,1488.9,1489,1489.1,1489.2,1489.3,1489.4,1489.5,1489.6,1489.7,1489.8,1489.9,1490,1490.1,1490.2,1490.3,1490.4,1490.5,1490.6,1490.7,1490.8,1490.9,1491,1491.1,1491.2,1491.3,1491.4,1491.5,1491.6,1491.7,1491.8,1491.9,1492,1492.1,1492.2,1492.3,1492.4,1492.5,1492.6,1492.7,1492.8,1492.9,1493,1493.1,1493.2,1493.3,1493.4,1493.5,1493.6,1493.7,1493.8,1493.9,1494,1494.1,1494.2,1494.3,1494.4,1494.5,1494.6,1494.7,1494.8,1494.9,1495,1495.1,1495.2,1495.3,1495.4,1495.5,1495.6,1495.7,1495.8,1495.9,1496,1496.1,1496.2,1496.3,1496.4,1496.5,1496.6,1496.7,1496.8,1496.9,1497,1497.1,1497.2,1497.3,1497.4,1497.5,1497.6,1497.7,1497.8,1497.9,1498,1498.1,1498.2,1498.3,1498.4,1498.5,1498.6,1498.7,1498.8,1498.9,1499,1499.1,1499.2,1499.3,1499.4,1499.5,1499.6,1499.7,1499.8,1499.9,1500,1500.1,1500.2,1500.3,1500.4,1500.5,1500.6,1500.7,1500.8,1500.9,1501,1501.1,1501.2,1501.3,1501.4,1501.5,1501.6,1501.7,1501.8,1501.9,1502,1502.1,1502.2,1502.3,1502.4,1502.5,1502.6,1502.7,1502.8,1502.9,1503,1503.1,1503.2,1503.3,1503.4,1503.5,1503.6,1503.7,1503.8,1503.9,1504,1504.1,1504.2,1504.3,1504.4,1504.5,1504.6,1504.7,1504.8,1504.9,1505,1505.1,1505.2,1505.3,1505.4,1505.5,1505.6,1505.7,1505.8,1505.9,1506,1506.1,1506.2,1506.3,1506.4,1506.5,1506.6,1506.7,1506.8,1506.9,1507,1507.1,1507.2,1507.3,1507.4,1507.5,1507.6,1507.7,1507.8,1507.9,1508,1508.1,1508.2,1508.3,1508.4,1508.5,1508.6,1508.7,1508.8,1508.9,1509,1509.1,1509.2,1509.3,1509.4,1509.5,1509.6,1509.7,1509.8,1509.9,1510,1510.1,1510.2,1510.3,1510.4,1510.5,1510.6,1510.7,1510.8,1510.9,1511,1511.1,1511.2,1511.3,1511.4,1511.5,1511.6,1511.7,1511.8,1511.9,1512,1512.1,1512.2,1512.3,1512.4,1512.5,1512.6,1512.7,1512.8,1512.9,1513,1513.1,1513.2,1513.3,1513.4,1513.5,1513.6,1513.7,1513.8,1513.9,1514,1514.1,1514.2,1514.3,1514.4,1514.5,1514.6,1514.7,1514.8,1514.9,1515,1515.1,1515.2,1515.3,1515.4,1515.5,1515.6,1515.7,1515.8,1515.9,1516,1516.1,1516.2,1516.3,1516.4,1516.5,1516.6,1516.7,1516.8,1516.9,1517,1517.1,1517.2,1517.3,1517.4,1517.5,1517.6,1517.7,1517.8,1517.9,1518,1518.1,1518.2,1518.3,1518.4,1518.5,1518.6,1518.7,1518.8,1518.9,1519,1519.1,1519.2,1519.3,1519.4,1519.5,1519.6,1519.7,1519.8,1519.9,1520,1520.1,1520.2,1520.3,1520.4,1520.5,1520.6,1520.7,1520.8,1520.9,1521,1521.1,1521.2,1521.3,1521.4,1521.5,1521.6,1521.7,1521.8,1521.9,1522,1522.1,1522.2,1522.3,1522.4,1522.5,1522.6,1522.7,1522.8,1522.9,1523,1523.1,1523.2,1523.3,1523.4,1523.5,1523.6,1523.7,1523.8,1523.9,1524,1524.1,1524.2,1524.3,1524.4,1524.5,1524.6,1524.7,1524.8,1524.9,1525
2023_03_23_15_29_28_581204,Eyal & Alex,1500,50,78.56MHz,6,TRUE,TRUE,1,2,-210,-210,-85.177,-84.382,-85.681,-92.322,-87.422,-210,-210,-91.392,-89.371,-87.663,-88.722,-83.726,-96.251,-210,-93.116,-210,-86.593,-210,-210,-210,-210,-89.386,-86.317,-91.132,-88.565,-93.994,-210,-98.835,-86.916,-210,-90.652,-210,-85.637,-88.397,-91.234,-94.287,-90.192,-85.536,-88.162,-210,-210,-210,-210,-88.519,-86.851,-89.465,-210,-86.94,-91.301,-89.58,-87.672,-88.711,-90.33,-91.454,-89.946,-210,-89.708,-89.845,-210,-210,-88.928,-113.785,-87.532,-210,-210,-88.88,-87.694,-85.038,-210,-88.118,-90.564,-210,-210,-99.927,-210,-91.153,-87.759,-100.325,-89.566,-83.733,-89.449,-84.753,-210,-89.373,-87.954,-86.928,-86.099,-85.278,-94.198,-84.518,-210,-87.122,-210,-92.751,-210,-96.602,-91.04,-93.576,-210,-85.882,-89.829,-85.412,-96.475,-210,-210,-92.93,-90.335,-210,-88.692,-87.05,-210,-86.639,-89.639,-83.364,-90.634,-97.733,-100.731,-91.275,-87.235,-210,-88.022,-100.338,-85.806,-85.486,-87.658,-83.842,-210,-210,-91.33,-83.985,-90.734,-86.406,-210,-91.299,-210,-108.37,-85.15,-86.724,-89.186,-92.718,-85.423,-89.593,-210,-86.86,-87.14,-87.069,-210,-85.006,-95.547,-86.469,-210,-210,-94.195,-98.716,-102.733,-88.835,-88.488,-89.153,-92.607,-210,-85.978,-87.046,-84.628,-210,-90.365,-87.308,-86.276,-210,-83.861,-88.548,-88.254,-210,-210,-84.733,-87.795,-89.853,-94.612,-210,-210,-87.175,-210,-90.206,-85.974,-88.256,-210,-89.513,-210,-91.962,-94.416,0,0,0,0,0,0,0,0,0,0,0,0,0,0,0,0,0,0,0,0,0,0,0,0,0,0,0,0,0,0,0,0,0,0,0,0,0,0,0,0,0,0,0,0,0,0,0,0,0,0,0,0,0,0,0,0,0,0,0,0,0,0,0,0,0,0,0,0,0,0,0,0,0,0,0,0,0,0,0,0,0,0,0,0,0,0,0,0,0,0,0,0,0,0,0,0,0,0,0,0,0,0,0,0,0,0,0,0,0,0,0,0,0,0,0,0,0,0,0,0,0,0,0,0,0,0,0,0,0,0,0,0,0,0,0,0,0,0,0,0,0,0,0,0,0,0,0,0,0,0,0,0,0,0,0,0,0,0,0,0,0,0,0,0,0,0,0,0,0,0,0,0,0,0,0,0,0,0,0,0,0,0,0,0,0,0,0,0,0,0,0,0,0,0,0,0,0,0,0,0,0,0,0,0,0,0,0,0,0,0,0,0,0,0,0,0,0,0,0,0,0,0,0,0,0,0,0,0,0,0,0,0,0,0,0,0,0,0,0,0,0,0,0,0,0,0,0,0,0,0,0,0,0,0,0,0,0,0,0,0,0,0,0,0,0,0,0,0,0,0,0,0,0,0,0,0,0,0,0,0,0,0,0,0,0,0,0,0,0,0,0,0,0,0,0,0,0,0,0,0,0,0,0,0,0,0,0,0,0,0
2023_03_23_15_29_28_612157,Eyal & Alex,1500,50,78.56MHz,10,TRUE,TRUE,1,2,-92.701,-84.993,-85.296,-85.107,-87.865,-84.564,-89.712,-84.923,-86.036,-85.382,-94.865,-91.579,-88.569,-86.542,-85.367,-92.43,-88.011,-87.518,-88.442,-210,-87.74,-82.371,-106.6566753,-107.8283506,-109.000026,-110.1717013,-111.3433766,-112.5150519,-113.6867273,-114.8584026,-116.0300779,-117.2017532,-118.3734286,-119.5451039,-120.7167792,-121.8884545,-123.0601299,-124.2318052,-125.4034805,-126.5751558,-127.7468312,-128.9185065,-130.0901818,-131.2618571,-132.4335325,-133.6052078,-134.7768831,-135.9485584,-137.1202338,-138.2919091,-139.4635844,-140.6352597,-141.8069351,-142.9786104,-144.1502857,-145.321961,-146.4936364,-147.6653117,-148.836987,-150.0086623,-151.1803377,-152.352013,-153.5236883,-154.6953636,-155.867039,-157.0387143,-158.2103896,-159.3820649,-160.5537403,-161.7254156,-162.8970909,-164.0687662,-165.2404416,-166.4121169,-167.5837922,-168.7554675,-169.9271429,-171.0988182,-172.2704935,-173.4421688,-174.6138442,-175.7855195,-176.9571948,-178.1288701,-179.3005455,-180.4722208,-181.6438961,-182.8155714,-183.9872468,-185.1589221,-186.3305974,-187.5022727,-188.6739481,-189.8456234,-191.0172987,-192.188974,-193.3606494,-194.5323247,-195.704,-196.8756753,-198.0473506,-199.219026,-200.3907013,-201.5623766,-202.7340519,-203.9057273,-205.0774026,-206.2490779,-207.4207532,-208.5924286,-209.7641039,-210.9357792,-212.1074545,-213.2791299,-214.4508052,-215.6224805,-216.7941558,-217.9658312,-219.1375065,-220.3091818,-221.4808571,-222.6525325,-223.8242078,-224.9958831,-226.1675584,-227.3392338,-228.5109091,-229.6825844,-230.8542597,-232.0259351,-233.1976104,-234.3692857,-235.540961,-236.7126364,-237.8843117,-239.055987,-240.2276623,-241.3993377,-242.571013,-243.7426883,-244.9143636,-246.086039,-247.2577143,-248.4293896,-249.6010649,-250.7727403,-251.9444156,-253.1160909,-254.2877662,-255.4594416,-256.6311169,-257.8027922,-258.9744675,-260.1461429,-261.3178182,-262.4894935,-263.6611688,-264.8328442,-266.0045195,-267.1761948,-268.3478701,-269.5195455,-270.6912208,-271.8628961,-273.0345714,-274.2062468,-275.3779221,-276.5495974,-277.7212727,-278.8929481,-280.0646234,-281.2362987,-282.407974,-283.5796494,-284.7513247,-285.923,-287.0946753,-288.2663506,-289.438026,-290.6097013,-291.7813766,-292.9530519,-294.1247273,-295.2964026,-296.4680779,-297.6397532,-298.8114286,-299.9831039,-301.1547792,-302.3264545,-303.4981299,-304.6698052,-305.8414805,-307.0131558,-308.1848312,-309.3565065,-310.5281818,-311.6998571,-312.8715325,-314.0432078,-315.2148831,-316.3865584,-317.5582338,-318.7299091,-319.9015844,-321.0732597,-322.2449351,-323.4166104,-324.5882857,-325.759961,-326.9316364,-328.1033117,-329.274987,-330.4466623,-331.6183377,-332.790013,-333.9616883,-335.1333636,-336.305039,-337.4767143,-338.6483896,-339.8200649,-340.9917403,-342.1634156,-343.3350909,-344.5067662,-345.6784416,-346.8501169,-348.0217922,-349.1934675,-350.3651429,-351.5368182,-352.7084935,-353.8801688,-355.0518442,-356.2235195,-357.3951948,-358.5668701,-359.7385455,-360.9102208,-362.0818961,-363.2535714,-364.4252468,-365.5969221,-366.7685974,-367.9402727,-369.1119481,-370.2836234,-371.4552987,-372.626974,-373.7986494,-374.9703247,-376.142,-377.3136753,-378.4853506,-379.657026,-380.8287013,-382.0003766,-383.1720519,-384.3437273,-385.5154026,-386.6870779,-387.8587532,-389.0304286,-390.2021039,-391.3737792,-392.5454545,-393.7171299,-394.8888052,-396.0604805,-397.2321558,-398.4038312,-399.5755065,-400.7471818,-401.9188571,-403.0905325,-404.2622078,-405.4338831,-406.6055584,-407.7772338,-408.9489091,-410.1205844,-411.2922597,-412.4639351,-413.6356104,-414.8072857,-415.978961,-417.1506364,-418.3223117,-419.493987,-420.6656623,-421.8373377,-423.009013,-424.1806883,-425.3523636,-426.524039,-427.6957143,-428.8673896,-430.0390649,-431.2107403,-432.3824156,-433.5540909,-434.7257662,-435.8974416,-437.0691169,-438.2407922,-439.4124675,-440.5841429,-441.7558182,-442.9274935,-444.0991688,-445.2708442,-446.4425195,-447.6141948,-448.7858701,-449.9575455,-451.1292208,-452.3008961,-453.4725714,-454.6442468,-455.8159221,-456.9875974,-458.1592727,-459.3309481,-460.5026234,-461.6742987,-462.845974,-464.0176494,-465.1893247,-466.361,-467.5326753,-468.7043506,-469.876026,-471.0477013,-472.2193766,-473.3910519,-474.5627273,-475.7344026,-476.9060779,-478.0777532,-479.2494286,-480.4211039,-481.5927792,-482.7644545,-483.9361299,-485.1078052,-486.2794805,-487.4511558,-488.6228312,-489.7945065,-490.9661818,-492.1378571,-493.3095325,-494.4812078,-495.6528831,-496.8245584,-497.9962338,-499.1679091,-500.3395844,-501.5112597,-502.6829351,-503.8546104,-505.0262857,-506.197961,-507.3696364,-508.5413117,-509.712987,-510.8846623,-512.0563377,-513.228013,-514.3996883,-515.5713636,-516.743039,-517.9147143,-519.0863896,-520.2580649,-521.4297403,-522.6014156,-523.7730909,-524.9447662,-526.1164416,-527.2881169,-528.4597922,-529.6314675,-530.8031429,-531.9748182,-533.1464935,-534.3181688,-535.4898442,-536.6615195,-537.8331948,-539.0048701,-540.1765455,-541.3482208,-542.5198961,-543.6915714,-544.8632468,-546.0349221,-547.2065974,-548.3782727,-549.5499481,-550.7216234,-551.8932987,-553.064974,-554.2366494,-555.4083247,-556.58,-557.7516753,-558.9233506,-560.095026,-561.2667013,-562.4383766,-563.6100519,-564.7817273,-565.9534026,-567.1250779,-568.2967532,-569.4684286,-570.6401039,-571.8117792,-572.9834545,-574.1551299,-575.3268052,-576.4984805,-577.6701558,-578.8418312,-580.0135065,-581.1851818,-582.3568571,-583.5285325,-584.7002078,-585.8718831,-587.0435584,-588.2152338,-589.3869091,-590.5585844,-591.7302597,-592.9019351,-594.0736104,-595.2452857,-596.416961,-597.5886364,-598.7603117,-599.931987,-601.1036623,-602.2753377,-603.447013,-604.6186883,-605.7903636,-606.962039,-608.1337143,-609.3053896,-610.4770649,-611.6487403,-612.8204156,-613.9920909,-615.1637662,-616.3354416,-617.5071169,-618.6787922,-619.8504675,-621.0221429,-622.1938182,-623.3654935,-624.5371688,-625.7088442,-626.8805195,-628.0521948,-629.2238701,-630.3955455,-631.5672208,-632.7388961,-633.9105714,-635.0822468,-636.2539221,-637.4255974,-638.5972727,-639.7689481,-640.9406234,-642.1122987,-643.283974,-644.4556494,-645.6273247,-646.799,-647.9706753,-649.1423506,-650.314026,-651.4857013,-652.6573766,-653.8290519,-655.0007273,-656.1724026,-657.3440779,-658.5157532,-659.6874286,-660.8591039,-662.0307792,-663.2024545,-664.3741299,-665.5458052,-666.7174805
2023_03_23_15_29_28_640080,Eyal & Alex,1500,50,78.56MHz,20,TRUE,TRUE,1,2,-89.386,-87.527,-85.342,-91.684,-89.759,-90.222,-85.224,-84.068,-86.201,-87.331,-87.46,-87.467,-89.349,-84.968,-86.748,-210,-83.771,-84.329,-86.515,-89.127,-83.795,-84.269,-90.111,-90.083,-90.571,-210,-84.576,-88.982,-84.956,-84.866,-84.575,-82.179,-86.374,-92.59,-87.096,-85.593,-83.591,-91.575,-85.254,-83.326,-82.776,-93.175,-84.467,-85.536,-96.174,-84.266,-82.804,-84.933,-84.029,-84.089,-83.877,-84.752,-88.411,-85.934,-83.356,-87.083,-210,-83.995,-92.442,-98.4,-84.507,-89.275,-84.73,-85.435,-85.604,-100.449,-84.078,-88.181,-84.946,-85.225,-89.096,-90.43,-87.414,-91.7,-89.917,-85.795,-87.706,-91.394,-86.325,-87.075,-83.079,-84.316,-87.755,-87.335,-89.624,-87.057,-82.574,-84.54,-83.129,-86.961,-85.387,-85.289,-210,-86.238,-210,-88.035,-91.77,-210,-86.457,-83.429,-82.372,-87.109,-91.307,-84.415,-86.572,-89.543,-84.12,-92.586,-89.808,-87.307,-83.734,-84.5,-86.233,-86.363,-85.681,-83.568,-83.608,-82.165,-83.547,-85.804,-89.157,-92.999,-85.67,-83.1,-85.997,-84.28,-86.468,-210,-94.998,-85.95,-86.908,-86.234,-86.185,-85.556,-210,-87.233,-82.545,-87.724,-86.895,-85.643,-86.098,-88.655,-85.274,-85.124,-87.374,-92.337,-210,-97.519,-96.769,-84.582,-86.234,-86.682,-88.353,-85.941,-87.759,-89.873,-82.991,-84.603,-89.578,-210,-85.539,-82.836,-91.252,-85.959,-87.832,-89.811,-90.821,-82.479,-85.456,-92.434,-89.423,-100.787,-84.249,-84.026,-84.798,-85.54,-90.041,-84.036,-84.53,-88.172,-84.366,-86.79,-84.561,-96.77,-86.832,-84.069,-88.227,-86.82,-94.028,-84.409,-90.142,-83.657,-84.953,-86.466,-85.377,-84.812,-83.751,-97.356,-86.101,-83.126,-83.214,-88.876,-86.356,-86.69,-84.764,-210,-83.457,-85.129,-84.742,-210,-96.384,-83.517,-86.3,-84.179,-83.318,-84.113,-210,-83.119,-84.383,-84.823,-87.413,-89.085,-91.679,-84.145,-87.95,-210,-85.843,-88.061,-84.228,-210,-86.164,-83.571,-83.632,-86.265,-85.992,-86.434,-87.308,-94.605,-83.632,-83.221,-86.367,-210,-86.958,-85.016,-88.778,-84.556,-83.729,-210,-91.274,-210,-85.589,-83.569,-89.671,-85.983,-92.576,-86.498,-84.979,-83.014,-84.253,-85.983,-87.527,-90.36,-210,-84.446,-85.446,-87.71,-84.088,-85.927,-83.13,-84.762,-85.228,-89.415,-88.518,-92.287,-86.568,-86.307,-82.801,-88.053,-91.086,-210,-85.896,-84.074,-85.668,-90.023,-84.755,-86.108,-90.526,-210,-86.87,-94.516,-86.201,-84.629,-210,-97.652,-87.08,-85.387,-85.634,-83.601,-85.211,-88.398,-85.883,-84.103,-88.49,-95.945,-83.046,-82.617,-87.955,-88.946,-87.1,-85.382,-210,-85.39,-83.243,-86.917,-89.996,-88.838,-87.646,-84.561,-92.824,-90.822,-87.719,-89.36,-86.515,-89.792,-83.466,-88.398,-87.162,-89.409,-83.312,-85.6,-83.818,-210,-87.376,-88.541,-83.071,-84.915,-83.336,-87.936,-86.625,-84.774,-83.071,-210,-88.297,-89.916,-85.164,-93.182,-85.963,-210,-85.083,-83.811,-83.746,-88.269,-88.388,-87.689,-210,-91.201,-85.688,-88.399,-85.382,-88.486,-85.005,-85.331,-89.909,-85.295,-86.756,-91.469,-92.465,-86.092,-85.326,-84.172,-89.564,-88.865,-210,-91.934,-103.227,-87.804,-85.587,-210,-90.068,-84.196,-88.776,-89.329,-87.695,-84.334,-86.982,-87.817,-83.677,-86.58,-84.96,-88.138,-210,-86.477,-88.749,-87.865,-85.612,-210,-85.482,-84.931,-86.146,-83.328,-85.798,-90.829,-89.314,-89.8,-86.474,-87.048,-89.094,-98.72,-87.511,-83.92,-87.058,-96.209,-85.545,-89.03,-89.177,-83.889,-85.636,-84.366,-210,-88.469,-84.325,-89.369,-87.558,-94.73,-107.218,-91.819,-86.22,-98.27,-82.727,-87.184,-85.133,-86.136,-85.869,-87.691,-91.595,-86.686,-86.222,-86.602,-89.704,-90.786,-84.262,-85.291,-96.579,-83.816,-84.802,-82.85,-84.43,-86.501,-210,-84.728,-91.942,-87.92,-88.622,-83.097,-86.638,-83.337,-85.532,-85.614,-88.486,-83.349,-93.746,-92.74,-90.407,-86.442,-86.218,-210,-86.737,-210,-87.496,-86.049,-87.945,-86.763,-89.348,-88.777,-85.198,-88.046,-89.557,-82.07,-85.666,-84.548,-95.572,-90.237,-210,-84.567,-88.158,-85.057,-84.198,-87.392,-86.578,-100.784,-106.247,-85.897,-85.405,-84.574,-85.475,-87.606,-86.01,-91.649,-87.078,-84.325,-85.352
2023_03_23_15_29_28_668006,Eyal & Alex,1500,50,78.56MHz,30,TRUE,TRUE,1,2,-92.926,-210,-88.115,-85.639,-84.35,-86.519,-91.451,-84.61,-86.003,-87.322,-85.95,-85.3,-89.095,-87.775,-88.277,-85.825,-83.135,-86.698,-83.072,-86.048,-90.315,-86.517,-84.526,-82.97,-85.6,-87.219,-82.897,-90.99,-83.665,-82.219,-84.032,-84.621,-87.227,-86.531,-89.533,-85.629,-83.743,-90.212,-90.426,-84.933,-83.458,-87.148,-85.923,-88.543,-89.944,-86.193,-82.905,-88.982,-89.991,-95.325,-87.239,-82.909,-88.964,-86.033,-85.15,-85.865,-84.996,-86.462,-91.191,-83.16,-83.872,-83.801,-84.649,-85.56,-85.457,-82.958,-86.077,-88.231,-89.14,-85.934,-84.515,-85.974,-86.067,-85.941,-86.279,-84.976,-86.663,-86.489,-86.403,-85.126,-86.678,-82.923,-86.151,-85.98,-84.513,-81.232,-86.687,-91.31,-86.102,-87.609,-210,-83.88,-85.288,-83.417,-84.611,-84.783,-83.491,-85.125,-88.669,-85.256,-85.989,-88.642,-83.813,-85.807,-87.134,-83.919,-87.958,-85.747,-85.419,-82.362,-83.06,-85.457,-90.167,-86.307,-84.335,-88.264,-83.038,-85.607,-83.433,-85.832,-84.388,-90.008,-85.762,-89.852,-210,-84.473,-82.743,-86.422,-87.69,-86.234,-85.083,-84.082,-84.786,-89.838,-85.095,-90.872,-88.707,-83.716,-88.744,-93.074,-87.663,-85.272,-83.98,-82.3,-83.417,-84.121,-83.469,-84.492,-85.68,-82.985,-86.922,-85.545,-86.054,-85.368,-83.638,-87.914,-84.234,-82.92,-84.488,-85.572,-87.796,-84.076,-83.505,-96.156,-102.439,-88.54,-84.694,-86.945,-82.683,-83.452,-86.088,-84.916,-84.288,-87.024,-87.271,-98.836,-82.875,-82.592,-86.21,-85.32,-86.746,-85.791,-85.183,-83.98,-88.654,-210,-84.343,-85.85,-85.589,-86.963,-91.926,-86.472,-82.917,-88.012,-86.143,-85.748,-87.049,-88.754,-84.002,-82.294,-88.789,-87.988,-85.336,-83.903,-84.035,-84.382,-87.394,-88.1,-83.181,-85.837,-87.175,-85.462,-84.069,-84.854,-85.4,-84.135,-84.698,-89.461,-84.847,-89.602,-86.52,-83.51,-96.733,-87.81,-83.192,-85.118,-83.193,-90.6,-88.408,-83.825,-86.173,-85.275,-85.177,-85.173,-82.626,-85.396,-86.386,-86.759,-83.103,-86.236,-84.972,-85.537,-93.49,-91.661,-87.579,-85.016,-84.145,-84.196,-85.904,-88.536,-88.287,-83.27,-84.154,-87.164,-83.879,-84.077,-86.301,-88.369,-84.879,-87.892,-86.678,-97.483,-86.067,-83.308,-86.95,-92.727,-92.591,-84.59,-84.082,-84.193,-86.051,-85.402,-85.405,-97.745,-83.616,-83.679,-86.25,-85.854,-85.899,-85.258,-85.09,-87.05,-84.234,-82.869,-87.891,-84.883,-84.131,-84.945,-85.138,-84.421,-86.428,-84.756,-86.697,-84.899,-84.744,-84.767,-210,-85.236,-85.547,-85.629,-84.157,-85.541,-88.376,-83.746,-97.053,-85.884,-88.536,-82.656,-85.704,-87.604,-83.615,-85.56,-87.252,-85.249,-84.759,-95.319,-96.508,-84.801,-83.277,-86.314,-84.596,-93.287,-91.65,-89.463,-90.527,-85.25,-85.463,-86.417,-85.151,-85.649,-85.696,-86.105,-83.625,-84.476,-85.086,-83.593,-85.932,-85.67,-87.602,-88.465,-86.654,-84.696,-85.77,-86.349,-84.066,-84.985,-86.749,-84.87,-86.212,-83.379,-83.618,-86.709,-85.652,-86.321,-85.976,-90.901,-85.286,-84.076,-85.371,-85.288,-84.166,-86.952,-84.522,-83.866,-84.48,-88.066,-84.7,-84.561,-83.111,-89.863,-86.825,-84.687,-91.316,-83.903,-83.96,-210,-84.949,-84.727,-210,-87.583,-86.125,-83.735,-86.405,-85.776,-84.236,-88.835,-86.376,-88.683,-85.793,-86.15,-83.792,-84.875,-89.056,-90.424,-84.724,-83.872,-85.539,-86.031,-86.995,-85.525,-84.945,-88.769,-83.131,-85.68,-100.795,-84.596,-83.893,-93.658,-84.25,-84.723,-91.886,-83.841,-87.995,-83.884,-86.036,-83.97,-106.165,-87.5,-85.669,-86.05,-86.613,-84.864,-85.293,-88.252,-90.242,-84.927,-86.673,-85.442,-85.913,-100.539,-82.949,-82.683,-83.085,-84.067,-87.381,-210,-84.861,-86.262,-85.942,-84.539,-85.84,-87.461,-83.441,-90.276,-86.352,-85.491,-84.434,-86.93,-86.786,-85.654,-89.996,-93,-88.152,-84.196,-84.855,-83.795,-86.385,-91.474,-89.656,-82.918,-85.752,-91.99,-84.767,-94.951,-84.958,-85.358,-84.092,-85.845,-85.118,-83.181,-86.847,-86.091,-85.724,-85.999,-87.253,-84.867,-87.567,-86.546,-82.522,-86.932,-84.192,-84,-86.558,0,0,0,0,0,0,0,0,0,0,0,0,0,0,0,0,0,0
2023_03_23_15_29_28_695895,Eyal & Alex,1500,50,78.56MHz,40,TRUE,TRUE,1,2,-83.634,-84.958,-86.274,-90.011,-82.918,-91.551,-89.519,-85.561,-83.697,-210,-210,-83.248,-84.61,-85.582,-84.129,-85.215,-85.008,-87.101,-86.783,-85.607,-82.184,-86.297,-83.262,-89.894,-82.981,-85.079,-86.65,-84.212,-86.34,-87.688,-83.279,-83.31,-210,-84.952,-87.078,-86.561,-86.785,-88.106,-83.579,-83.926,-83.678,-83.244,-84.111,-85.667,-84.869,-90.911,-87.522,-96.061,-86.786,-84.675,-82.478,-83.141,-86.518,-83.947,-84.713,-84.967,-210,-89.556,-83.832,-84.435,-86.447,-83.818,-83.092,-82.696,-83.927,-86.796,-86.71,-84.851,-84.373,-84.896,-82.442,-83.471,-89.27,-85.233,-89.308,-86.702,-83.429,-82.294,-85.757,-88.518,-87.661,-84.398,-88.098,-84.501,-85.261,-86.047,-91.67,-88.153,-84.285,-85.905,-210,-84.078,-82.867,-85.407,-85.551,-82.972,-85.345,-86.334,-86.13,-83.82,-90.827,-86.351,-85.069,-85.177,-84.176,-86.659,-87.351,-84.241,-88.377,-98.005,-88.3,-84.998,-86.794,-85.621,-94.864,-87.353,-84.208,-86.766,0,0,0,0,0,0,0,0,0,0,0,0,0,0,0,0,0,0,0,0,0,0,0,0,0,0,0,0,0,0,0,0,0,0,0,0,0,0,0,0,0,0,0,0,0,0,0,0,0,0,0,0,0,0,0,0,0,0,0,0,0,0,0,0,0,0,0,0,0,0,0,0,0,0,0,0,0,0,0,0,0,0,0,0,0,0,0,0,0,0,0,0,0,0,0,0,0,0,0,0,0,0,0,0,0,0,0,0,0,0,0,0,0,0,0,0,0,0,0,0,0,0,0,0,0,0,0,0,0,0,0,0,0,0,0,0,0,0,0,0,0,0,0,0,0,0,0,0,0,0,0,0,0,0,0,0,0,0,0,0,0,0,0,0,0,0,0,0,0,0,0,0,0,0,0,0,0,0,0,0,0,0,0,0,0,0,0,0,0,0,0,0,0,0,0,0,0,0,0,0,0,0,0,0,0,0,0,0,0,0,0,0,0,0,0,0,0,0,0,0,0,0,0,0,0,0,0,0,0,0,0,0,0,0,0,0,0,0,0,0,0,0,0,0,0,0,0,0,0,0,0,0,0,0,0,0,0,0,0,0,0,0,0,0,0,0,0,0,0,0,0,0,0,0,0,0,0,0,0,0,0,0,0,0,0,0,0,0,0,0,0,0,0,0,0,0,0,0,0,0,0,0,0,0,0,0,0,0,0,0,0,0,0,0,0,0,0,0,0,0,0,0,0,0,0,0,0,0,0,0,0,0,0,0,0,0,0,0,0,0,0,0,0,0,0,0,0,0,0,0,0,0,0,0,0,0,0,0,0,0,0,0,0,0,0,0,0,0,0,0,0,0,0,0,0,0,0,0,0,0,0,0,0
2023_03_23_15_29_28_749825,Eyal & Alex,1500,50,39.28MHz,6,TRUE,TRUE,1,2,-210,-210,-210,-87.896,-89.585,-94.056,-88.872,-88.836,-87.649,-210,-210,-92.018,-210,-210,-210,-97.318,-88.273,-93.678,-91.542,-89.422,-86.321,-210,-87.677,-210,-88.229,-88.508,-210,-86.66,-87.4,-86.625,-93.554,-210,-210,-210,-89.203,-210,-97.495,-210,-98.925,-94.408,-210,-84.49,-85.338,-91.443,-87.951,-83.898,-210,-210,-210,-210,-210,-92.117,-210,-210,-89.942,-90.936,-210,-89.056,-86.134,-89.537,-85.092,-85.394,-82.716,-86.875,-89.999,-85.869,-88.974,-91.408,-97.343,-210,-210,-210,-101.38,-86.359,-84.228,-88.886,-210,-89.162,-90.674,-86.47,-96.979,-99.924,-93.941,-210,-210,-115.586,-210,-210,-210,-90.011,-210,-210,-99.64,-92.547,-93.129,-210,-83.843,-86.77,-91.877,-210,-210,-90.92,-94.755,-90.368,-90.72,-210,-89.929,-84.031,-88.457,-87.337,-87.062,-98.79,-86.028,-210,-93.269,-210,-105.278,-210,-85.401,-84.527,-86.913,-210,-210,-210,-90.051,-85.653,-88.575,-87.502,-88.633,-210,-90.838,-96.054,-95.14,-210,-87.267,-210,-88.02,-89.644,-210,-86.624,-210,-88.807,-89.753,-93.611,-94.798,-104.003,-95.032,-210,-88.818,-92.579,-82.184,-85.838,-98.061,-86.866,-85.289,-84.995,-210,-90.083,-88.385,-87.675,-91.793,-210,-88.183,-85.687,-88.356,-210,-89.671,-88.907,-103.008,-85.145,-210,-95.75,-210,-86.672,-87.467,-210,-210,-210,-87.549,-84.271,-85.993,-87.385,-86.781,-93.582,-94.337,-86.4,-210,-89.99,-97.981,-87.888,-82.583,-89.579,-94.946,-210,-90.842,-88.435,-86.35,-89.626,-86.5,-90.34,-210,-210,-87.198,-210,-210,-88.259,-91.131,-210,-210,-86.436,-91.84,-210,-88.493,-86.245,-210,-88.67,-87.643,-85.509,-87.119,-88.089,-91.581,-210,-88.812,-210,-94.917,-86.296,-97.661,-85.744,-92.077,-210,-210,-88.704,-94.207,-85.729,-89.917,-87.641,-88.291,-96.153,-85.807,-86.467,-88.658,-87.483,-210,-88.603,-90.497,-94.689,-95.308,-210,-210,-210,-210,-96.997,-89.047,-210,-95.822,-210,-84.864,-86.594,-87.704,-91.321,-90.126,-89.613,-210,-96.169,-91.644,-210,-92.163,-87.663,-210,-85.981,-98.098,-85.668,-93.001,-210,-210,-88.081,-87.819,-86.24,-84.688,-95.65,-85.318,-87.435,-90.004,-89.824,-89.137,-92.725,-91.939,-88.549,-86.748,-88.554,-87.308,-95.549,-89.218,-210,-87.4,-97.676,-210,-85.144,-210,-210,-210,-93.437,-85.2,-95.365,-210,-210,-88.829,-210,-210,-90.864,-210,-210,-87.942,-86.728,-210,-90,-85.964,-210,-210,-88.765,-91.947,-210,-91.661,-93.721,-210,-90.419,-92.054,-210,-89.835,-91.136,-94.974,-210,-210,-86.658,-90.232,-84.568,-210,-86.549,-94.494,-210,-84.619,-210,-86.302,-210,-210,-210,-96.378,-94.733,-90.146,-88.848,-89.481,-210,-104.883,-87.558,-83.781,-210,-88.358,-210,-87.945,-210,-93.692,-210,-85.735,-87.56,-84.926,-90.747,-210,-99.368,-89.015,-89.986,-210,-90.877,-103.916,-84.713,-95.955,-210,0,0,0,0,0,0,0,0,0,0,0,0,0,0,0,0,0,0,0,0,0,0,0,0,0,0,0,0,0,0,0,0,0,0,0,0,0,0,0,0,0,0,0,0,0,0,0,0,0,0,0,0,0,0,0,0,0,0,0,0,0,0,0,0,0,0,0,0,0,0,0,0,0,0,0,0,0,0,0,0,0,0,0,0,0,0,0,0,0,0,0,0,0,0,0,0,0,0,0,0,0,0,0,0,0,0,0,0,0,0,0,0,0,0,0,0,0,0,0,0,0,0,0,0,0
2023_03_23_15_29_28_778673,Eyal & Alex,1500,50,39.28MHz,10,TRUE,TRUE,1,2,-210,-210,-100.918,-210,-83.896,-85.883,-93.636,-210,-93.695,-82.321,-88.385,-88.019,-89.103,-84.898,-86.471,-87.349,-100.294,-88.373,-89.081,-89.317,-92.558,-91.01,-90.9,-86.388,-85.034,-89.49,-92.895,-210,-90.638,-85.927,-86.046,-85.905,-82.979,-88.624,-85.39,-92.253,-88.222,-91.561,-88.942,-87.529,-84.625,-87.622,-85.094,-87.086,-103.435,-95.633,-85.846,-210,-87.539,-210,-210,-86.858,-85.061,-87.431,-102.825,-86.877,-93.321,-88.709,-89.483,-93.039,-88.202,-87.993,-210,-88.692,-95.36,-87.651,-89.115,-89.226,-85.862,-88.933,-87.966,-88.221,-84.634,-83.736,-94.902,-99.193,-91.652,-87.451,-210,-95.092,-210,-86.395,-85.7,-210,-88.08,-85.313,-87.416,-210,-91.417,-86.241,-89.579,-92.77,-210,-210,-88.614,-210,-210,-88.307,-88.947,-84.266,-86.071,-93.808,-90.38,-210,-86.206,-210,-89.179,-86.819,-86.906,-89.314,-87.303,-86.635,-87.133,-88.811,-89.505,-85.785,-91.393,-84.768,0,0,0,0,0,0,0,0,0,0,0,0,0,0,0,0,0,0,0,0,0,0,0,0,0,0,0,0,0,0,0,0,0,0,0,0,0,0,0,0,0,0,0,0,0,0,0,0,0,0,0,0,0,0,0,0,0,0,0,0,0,0,0,0,0,0,0,0,0,0,0,0,0,0,0,0,0,0,0,0,0,0,0,0,0,0,0,0,0,0,0,0,0,0,0,0,0,0,0,0,0,0,0,0,0,0,0,0,0,0,0,0,0,0,0,0,0,0,0,0,0,0,0,0,0,0,0,0,0,0,0,0,0,0,0,0,0,0,0,0,0,0,0,0,0,0,0,0,0,0,0,0,0,0,0,0,0,0,0,0,0,0,0,0,0,0,0,0,0,0,0,0,0,0,0,0,0,0,0,0,0,0,0,0,0,0,0,0,0,0,0,0,0,0,0,0,0,0,0,0,0,0,0,0,0,0,0,0,0,0,0,0,0,0,0,0,0,0,0,0,0,0,0,0,0,0,0,0,0,0,0,0,0,0,0,0,0,0,0,0,0,0,0,0,0,0,0,0,0,0,0,0,0,0,0,0,0,0,0,0,0,0,0,0,0,0,0,0,0,0,0,0,0,0,0,0,0,0,0,0,0,0,0,0,0,0,0,0,0,0,0,0,0,0,0,0,0,0,0,0,0,0,0,0,0,0,0,0,0,0,0,0,0,0,0,0,0,0,0,0,0,0,0,0,0,0,0,0,0,0,0,0,0,0,0,0,0,0,0,0,0,0,0,0,0,0,0,0,0,0,0,0,0,0,0,0,0,0,0,0,0,0,0,0,0,0,0,0,0,0,0,0,0,0,0,0,0,0,0,0,0,0,0
2023_03_23_15_29_28_805676,Eyal & Alex,1500,50,39.28MHz,20,TRUE,TRUE,1,2,-83.155,-87.332,-83.939,-91.462,-86.626,-84.626,-93.485,-87.116,-87.371,-210,-95.524,-88.803,-86.373,-89.016,-210,-210,-90.496,-84.381,-83.098,-85.753,-105.012,-113.01,-90.376,-86.917,-210,-90.991,-88.883,-210,-86.863,-84.362,-92.554,-85.557,-83.689,-210,-210,-90.967,-89.535,-83.953,-90.414,-93.501,-88.06,-83.696,-210,-210,-90.567,-86.081,-86.949,-210,-92.581,-210,-85.773,-89.58,-87.226,-83.551,-210,-210,-85.922,-95.786,-90.573,-87.837,-84.444,-85.906,-90.811,-88.529,-93.289,-89.873,-84.343,-86.743,-89.529,-210,-85.891,-91.069,-210,-210,-87.402,-93.747,-91.802,-210,-85.314,-90.076,-87.571,-85.189,-210,-90.571,-92.3,-87.618,-98.996,-85.384,-83.796,-85.689,-85.402,-90.757,-90.178,-88.883,-83.866,-84.147,-86.546,-86.653,-89.517,-99.956,-87.592,-91.532,-210,-85.748,-89.734,-210,-210,-91.718,-87.042,-84.82,-85.966,-88.247,-210,-86.078,-210,-97.279,-92.694,-90.79,-92.207,-86.801,-92.811,-88.076,-94.663,-210,-89.843,-89.602,-87.154,-210,-95.487,-81.981,-85.763,-86.765,-84.597,-96.843,-89.515,-85.479,-93.139,-88.137,-85.683,-88.586,-84.642,-87.945,-90.436,-87.269,-210,-210,-210,-210,-91.02,-82.849,-85.293,-90.621,-210,-210,-86.333,-84.343,-83.29,-83.833,-210,-96.506,-85.591,-88.498,-92.74,-90.177,-89.25,-96.516,-90.267,-210,-210,-89.043,-91.823,-88.809,-93.316,-88.27,-210,-210,-210,-87.615,-93.205,-210,-94.621,-86.446,-86.364,-87.148,-97.385,-88.941,-91.374,-210,-85.828,-84.51,-83.373,-87.129,-95.219,-87.628,-89.915,-90.464,-88.758,-89.093,-87.387,-84.895,-85.758,-210,-84.289,-91.578,-90.886,-88.63,-84.183,-210,-210,-85.768,-97.89,-88.02,-88.959,-85.221,-86.205,-90.868,-89.081,-88.373,-86.713,-86.518,-87.424,-97.516,-210,-86.628,-104.062,-88.538,-93.707,-87.593,-87.36,-89.122,-87.609,-210,-210,-210,-210,-94.836,-87.786,-210,-86.223,-88.458,-86.466,-86.787,-87.002,-89.109,-89.562,-88.06,-99.112,-210,-84.708,-210,-87.794,-86.393,-85.177,-85.378,-210,-210,-89.671,-210,-93.745,-88.525,-89.511,-89.963,-83.509,-86.908,-210,-88.889,-89.509,-210,-89.306,-87.389,-85.398,-83.529,-86.234,-102.19,-87.948,-89.784,-210,-87.074,-99.626,-97.029,-88.739,-90.227,-93.262,-88.206,-92.262,-90.117,-96.11,-83.081,-84.005,-88.502,-97.461,-93.182,-88.774,-210,-210,-91.84,-91.855,-84.146,-210,-210,-84.82,-210,-85.969,-210,-210,-87.797,-85.185,-87.855,-87.603,-92.136,-85.768,-87.144,-92.148,-85.45,-89.687,-92.374,-210,-88.411,-98.185,-86.711,-82.832,-83.676,-88.21,-87.441,-85.747,-88.573,-86.054,-91.095,-210,-89.418,-87.498,-85.213,-90.993,-85.501,-87.444,-88.486,-84.527,-89.804,-210,-97.409,-87.566,-87.062,-94.746,-87.312,-210,-83.428,-210,-91.516,-84.639,-91.299,-91.679,-210,-83.573,-90.572,-89.909,-106.597,-91.993,-210,-92.271,-99.957,-84.928,-84.641,-92.177,-210,-93.708,-83.973,-210,-210,-88.657,-103.111,-210,-86.695,-95.296,-89.018,-87.135,-87.667,-210,-210,-87.762,-87.765,-89.893,-94.81,-91.296,-85.301,-91.369,-91.648,-84.587,-86.045,-89.74,-87.297,-84.443,-92.799,-83.112,-85.89,-87.479,-84.138,-90.492,-90.347,-85.495,-88.317,-86.359,-87.348,-85.223,-89.297,-87.165,-210,-86.158,-210,-210,-89.089,-210,-90.016,-83.653,-210,-85.565,-210,-86.415,-88.171,-96.116,-94.421,-86.527,-89.592,-86.53,-86.126,-90.506,-91.236,-83.131,-84.96,-90.138,-210,-90.119,-94.548,-87.539,-90.496,-210,-102.899,-96.366,-89.916,-210,-85.061,-86.378,-210,-89.682,-210,-85.681,-91.562,-91.342,-84.194,-88.043,-210,-210,-210,-87.957,-88.435,-210,-210,-90.055,-85.006,-90.068,-88.025,-210,-86.602,-210,-82.976,-87.771,-84.331,-91.368,-90.667,-106.93,-89.193,-86.784,-210,-88.547,-210,-89.543,-89.435,-88.412,-86.536,-88.93,-86.925,-210,-84.718,-87.4,-82.359,-86.784,-86.911,-83.191,-84.138,-89.221,-210,-87.043,-89.237,-88.277,-95.139,-88.64,-87.488,-88.027,-87.636,-86.584,-92.782,-210
2023_03_23_15_29_28_832572,Eyal & Alex,1500,50,39.28MHz,30,TRUE,TRUE,1,2,-84.589,-210,-91.655,-89.321,-95.506,-89.215,-86.357,-84.11,-86.171,-86.114,-89.36,-97.894,-86.84,-90.228,-83.635,-85.488,-91.123,-89.069,-84.205,-87.659,-87.098,-210,-210,-210,-96.961,-95.096,-85.247,-90.606,-84.454,-85.006,-85.555,-90.653,-86.496,-102.37,-88.936,-210,-87.991,-89.356,-91.559,-91.693,-93.022,-92.69,-84.785,-86.113,-84.029,-87.586,-88.111,-85.581,-96.133,-84.041,-85.258,-88.341,-91.203,-210,-86.277,-94.573,-210,-88.354,-86.668,-88.266,-210,-85.413,-210,-87.822,-210,-210,-87.894,-86.912,-88.724,-210,-88.249,-89.896,-88.748,-210,-87.745,-210,-88.879,-88.934,-87.688,-210,-101.397,-86.199,-84.964,-210,-210,-210,-96.966,-97.666,-210,-210,-210,-91.051,-84.36,-83.622,-86.096,-86.215,-86.18,-210,-210,-210,-86.621,-93.446,-92.047,-210,-85.163,-85.717,-87.988,-89.539,-91.382,-90.9,-87.856,-96.39,-95.667,-86.618,-210,-210,-85.278,-87.242,-87.038,-82.829,-87.149,-86.055,-85.787,-91.541,-86.097,-88.458,-98.127,-90.242,-87.806,-82.684,-88.54,-100.978,-87.803,-86.007,-89.376,-88.938,-87.91,-210,-89.973,-84.509,-83.957,-87.007,-92.969,-210,-89.22,-210,-210,-210,-87.103,-88.592,-89.353,-91.865,-94.504,-83.828,-87.317,-85.951,-86.274,-86.445,-88.864,-88.227,-91.525,-85.459,-89.798,-85.099,-88.244,-87.429,-94.24,-210,-93.142,-87.501,-210,-92.572,-210,-86.753,-96.453,-90.229,-88.374,-93.143,-210,-82.784,-89.892,-99.531,-91.94,-210,-84.669,-97.149,-92.725,-86.993,-84.349,-86.713,-83.07,-87.901,-83.793,-100.035,-88.336,-210,-85.065,-83.415,-210,-89.461,-210,-90.366,-89.994,-84.74,-210,-84.817,-210,-87.704,-210,-87.347,-83.869,-91.934,-210,-210,-84.478,-87.006,-210,-89.914,-85.379,-87.036,-86.556,-87.902,-87.596,-93.534,-210,-86.685,-89.388,-86.287,-87.768,-87.601,-210,-210,-210,-83.871,-86.114,-86.331,-90.63,-210,-210,-84.461,-84.269,-86.02,-86.568,-90.717,-99.363,-90.168,-86.439,-95.246,-210,-210,-210,-85.875,-93.541,-210,-88.374,-210,-93.147,-92.88,-102.419,-88.041,-83.898,-86,-85.277,-84.497,-89.846,-88.706,-103.834,-86.624,-210,-87.057,-210,-89.23,-89.32,-86.991,-90.781,-84.982,-210,-94.754,-85.65,-87.093,-210,-87.958,-86.06,-88.587,-92.713,-89.995,-92.424,-88.534,-95.044,-85.506,-88.2,-92.641,-91.993,-86.09,-91.848,-84.438,-86.271,-84.143,-91.225,-87.724,-87.43,-86.04,-94.185,-91.823,-85.327,-86.545,-210,-83.717,-90.271,-210,-210,-210,-210,-92.876,-88.575,-89.652,-86.63,-210,-91.982,-92.463,-100.177,-85.422,-210,-210,-89.482,-88.133,-88.842,-210,-88.354,-98.865,-84.878,-82.999,-89.845,-85.138,-86.741,-91.605,-90.942,-85.986,-84.85,-89.344,-210,-88.358,-86.331,-210,-85.731,-106.632,-98.249,-92.862,-87.703,-88.913,-84.636,-210,-97.247,-91.43,-91.466,-89.325,-89.232,-83.057,-87.283,-88.379,-87.824,-85.712,-93.554,-90.598,-210,-85.305,-86.741,-89.457,-84.474,-90.51,-85.359,-87.516,-90.409,-88.473,-87.932,-93.486,-96.934,-87.645,-210,-86.113,-96.168,-92.366,-86.468,-86.232,-88.833,-87.457,-84.325,-88.985,-88.406,-90.64,-91.673,-90.703,-82.746,-85.445,-91.144,-90.055,-95.794,-210,-92.071,-86.277,-86.366,-87.098,-85.987,-91.679,-210,-86.701,-84.554,-92.746,-210,-83.689,-85.483,-85.331,-95.24,-210,-88.667,-93.254,-210,-210,-88.947,-210,-87.716,-90.787,-84.369,-88.039,-86.673,-86.683,-98.364,-92.56,-90.028,-210,-94.038,-210,-89.132,-88.465,-86.959,-210,-84.66,-85.257,-210,-210,-86.281,-85.619,-91.206,-210,-210,-85.103,-89.889,-87.026,-87.573,-210,-86.439,-210,-90.032,-85.546,-85.736,-85.088,-86.3,-83.864,-88.098,-88.348,-85.139,-108.51,-97.879,-85.898,-90.549,-85.282,-88.155,-83.726,-210,-85.683,-85.527,-86.317,-210,-86.07,-97.814,-89.561,-89.583,-210,-85.71,-89.904,-85.627,-210,-89.95,-87.918,-100.046,-87.899,-91.778,-86.496,-84.954,-210,-210,-89.28,-90.318,-210,-92.436,-96.469,-89.121,-85.794,-210,-210,-210
2023_03_23_15_29_28_832572,Eyal & Alex,1500,50,39.28MHz,40,TRUE,TRUE,1,2,-87.869,-87.454,-87.638,-210,-89.368,-85.393,-87.895,-89.301,-90.06,-91.451,-85.611,-210,-88.912,-210,-89.738,-91.78,-85.602,-91.548,-90.373,-210,-210,-89.085,-86.395,-84.16,-86.178,-85.102,-86.863,-85.458,-88.197,-84.459,-82.862,-84.294,-88.087,-210,-210,-88.669,-82.309,-92.708,-88.461,-85.256,-85.298,-88.769,-87.524,-92.381,-89.933,-93.945,-87.063,-83.41,-83.914,-90.799,-95.252,-91.836,-99.529,-88.227,-85.637,-83.98,-210,-88.141,-86.268,-82.858,-88.893,-210,-210,-87.704,-86.72,-87.951,-86.35,-85.158,-210,-210,-210,-85.253,-85.362,-86.828,-94.729,-86.706,-86.142,-210,-100.959,-86.229,-89.061,-210,-95.72,-85.387,-210,-88.489,-84.373,-210,-83.415,-92.838,-210,-210,-85.461,-98.632,-93.446,-90.578,-84.525,-86.06,-87.575,-102.482,-85.972,-84.992,-210,-87.337,-86.37,-87.978,-85.643,-88.019,-86.594,-84.459,-86.5,-85.511,-84.011,-86.133,-85.182,-84.453,-210,-86.196,-91.164,-88.138,-210,-210,-91.172,-91.874,-85.702,-94.097,-88.094,-89.33,-85.545,-92.12,-101.053,-95.062,-98.229,-85.986,-210,-210,-84.508,-87.774,-89.824,-96.517,-92.673,-210,-85.022,-210,-210,-89.963,-84.403,-97.485,-91.409,-87.346,-87.433,-87.731,-84.843,-98.831,-210,-84.929,-96.624,-86.942,-87.412,-86.138,-87.378,-90.559,-86.661,-86.795,-91.52,-93.498,-210,-87.209,-85.771,-90.751,-85.218,-210,-97.839,-85.542,-86.829,-86.61,-94.692,-210,-86.117,-85.712,-90.092,-86.731,-89.865,-85.812,-88.158,-210,-94.94,-210,-89.733,-92.282,-90.037,-85.818,-210,-89.35,-85.645,-87.528,-88.807,-84.187,-90.939,-85.565,-210,-93.297,-210,-91.314,-93.542,-87.329,-85.376,-85.224,-87.027,-86.501,-98.029,-89.15,-85.017,-87.566,-90.017,-210,-210,-86.201,-84.417,-210,-210,-87.295,-89.8,-84.275,-87.034,-89.288,-86.671,-93.318,-86.149,-210,-92.198,-88.7,-89.377,-89.4,-84.089,-92.895,-88.759,-210,-210,-88.816,-89.537,-210,-210,-85.41,-87.49,-85.015,-87.857,-102.977,-90.635,-210,-84.661,-85.853,-86.826,-92.628,-210,-90.054,-91.393,-85.524,-91.557,-210,-100.766,-88.406,-210,-88.693,-87.325,-86.287,-88.419,-87.106,-86.181,-89.245,-210,-88.724,-83.793,-210,-89.752,-90.149,-87.478,-85.245,-86.19,-86.935,-86.979,-91.649,-88.694,-87.144,-86.23,-87.292,-101.912,-90.458,-87.397,-87.482,-84.467,-89.133,-84.609,-86.285,-89.467,-87.979,-210,-86.078,-89.043,-87.518,-87.888,-87.851,-88.252,-90.315,-89.082,-89.859,-90.494,-210,-91.877,-210,-92.788,-84.722,-83.824,-87.902,-210,-90.055,-87.323,-210,-88.315,-90.094,-86.984,-94.444,-91.006,-87.509,-87.255,-93.163,-210,-210,-86.448,-92.445,-100.129,-88.506,-96.449,-86.319,-89.093,-210,-210,-210,-90.577,-210,-210,-210,-91.802,-85.41,-210,-86.285,-94.793,-86.674,-88.775,-86.359,-87.763,-87.591,-86.612,-89.933,-91.532,-210,-210,-210,-85.011,-210,-89.034,-90.359,-210,-83.806,-87.085,-85.774,-88.943,-85.718,-94.02,-210,-210,-90.134,-90.837,-87.232,-87.1,-89.086,-87.861,-87.966,-86.58,-89.072,-85.298,-85.66,-210,-86.563,-86.848,-90.007,-210,-87.621,-87.935,-86.461,-83.048,-84.742,-97.017,-95.927,-90.89,-210,-85.985,-83.599,-88.334,-94.025,-85.772,-85.523,-89.634,-210,-96.607,-89.578,-210,-210,-87.944,-87.343,-87.743,-85.737,-210,-94.854,-210,-86.735,-210,-210,-93.226,-89.041,-210,-86.475,-86.072,-94.102,-210,-96.805,-88.512,-89.752,-85.252,-84.433,-86.763,-85.869,-87.168,-97.547,-88.724,-85.394,-210,-84.274,-87.941,-86.946,-210,-83.418,-88.54,-89.319,-92.351,-88.959,-84.838,-82.732,-84.626,-88.461,-87.102,-210,-210,-87.946,-210,-85.564,-93.71,-210,-84.043,-87.251,-210,-210,-86.317,-90.806,-84.873,-87.796,-210,-86.832,-83.74,-84.868,-87.828,-91.953,-90.192,-90.051,-84.732,-210,-93.758,-90.193,-86.864,-88.679,-210,-210,-88.16,-210,-88.848,-90.739,-86.631,-88.228,-84.306,-83.971,-84.871,-85.322,-86.886,-210,-84.536,-88.009,-87.703,-85.666,-210,-87.896,-96.32
